{
    "masses": [
        {
            "ax": -4.279008719991227e-10, 
            "ay": -1.3788138011165432e-11, 
            "m": 100000000000.0, 
            "px": 2394.9997908395235, 
            "py": 2515.0000011018374, 
            "py/object": "model.Mass", 
            "r": 707.1067811865476, 
            "vx": -4.359422803248316e-07, 
            "vy": -1.7894522001942097e-09
        }, 
        {
            "ax": 4.279008719991227e-06, 
            "ay": 1.378813801116543e-07, 
            "m": 10000000.0, 
            "px": 1147.0916047724702, 
            "py": 2474.7889816328448, 
            "py/object": "model.Mass", 
            "r": 7.0710678118654755, 
            "vx": 0.004359422803248316, 
            "vy": -0.06498210547799806
        }
    ], 
    "maxx": 5000.0, 
    "maxy": 5000.0, 
    "py/object": "model.World"
}