{
    "masses": [
        {
            "ax": 2.953209555601308e-06, 
            "ay": 2.4453174421489445e-06, 
            "m": 10000000000.0, 
            "px": 2016.841809605966, 
            "py": 1816.6793422881105, 
            "py/object": "model.Mass", 
            "r": 223.60679774997897, 
            "vx": 0.0102837242185062, 
            "vy": 0.006944959277899836
        }, 
        {
            "ax": -3.4189928112821785e-06, 
            "ay": 1.4630575064686485e-06, 
            "m": 10000000000.0, 
            "px": 2675.936389066513, 
            "py": 1900.8310893379874, 
            "py/object": "model.Mass", 
            "r": 223.60679774997897, 
            "vx": -0.011664896699290175, 
            "vy": 0.004032280025432014
        }, 
        {
            "ax": 4.657832556808709e-07, 
            "ay": -3.908374948617594e-06, 
            "m": 10000000000.0, 
            "px": 2287.221801327522, 
            "py": 2235.8895683739033, 
            "py/object": "model.Mass", 
            "r": 223.60679774997897, 
            "vx": 0.0013811724807839755, 
            "vy": -0.05097723930333189
        }
    ], 
    "maxx": 5000.0, 
    "maxy": 5000.0, 
    "py/object": "model.World"
}