{
    "masses": [
        {
            "ax": -2.9584239753768185e-11, 
            "ay": 3.3817040026883166e-11, 
            "m": 100000000000.0, 
            "px": 2459.9912108013946, 
            "py": 2485.000611134965, 
            "py/object": "model.Mass", 
            "r": 707.1067811865476, 
            "vx": -7.617843737022803e-07, 
            "vy": 2.1704234425628316e-07
        }, 
        {
            "ax": 2.958423975376818e-06, 
            "ay": -3.381704002688317e-06, 
            "m": 1000000.0, 
            "px": 1657.5198603708188, 
            "py": 3402.286504022622, 
            "py/object": "model.Mass", 
            "r": 2.23606797749979, 
            "vx": 0.06617843737022806, 
            "vy": 0.03829576557437174
        }, 
        {
            "ax": 0.0, 
            "ay": 0.0, 
            "m": 1000000.0, 
            "px": 1490.0, 
            "py": 2080.0, 
            "py/object": "model.Mass", 
            "r": 2.23606797749979, 
            "vx": 0.02, 
            "vy": 0.06999999999999999
        }
    ], 
    "maxx": 5000.0, 
    "maxy": 5000.0, 
    "py/object": "model.World"
}